{"fecha-actualizacion": "Datos actualizados al 14-08-2022 01:00:11", "url-server-gis": "https://arcgis.electropuno.com.pe/arcgis/rest/services/", "servicio-red-elpu": {"estructuraAtLayerId": 123, "puestaTierraMtLayerId": 93, "tramoMtLayerId": 101, "acometidaLayerId": 31, "zonaFacturacionLayerId": 150, "pararrayoMtLayerId": 107, "tuberiaPresionAtLayerId": 110, "retenidaMtLayerId": 92, "estructuraBtLayerId": 27, "suministrosLayerId": 24, "puestaTierraBtLayerId": 29, "recloserMtLayerId": 103, "camaraAtLayerId": 113, "nombre": "RedElectroPuno", "barraElectricaAtLayerId": 122, "equipoControlApLayerId": 26, "estructuraMtLayerId": 91, "tatLayerId": 128, "tramoBtAlumbradoLayerId": 32, "canalesAtLayerId": 114, "interruptorMtLayerId": 105, "centroGeneracionAtLayerId": 125, "sedLayerId": 96, "desarenadorAtLayerId": 111, "equipoApBtLayerId": 30, "reguladorMtLayerId": 104, "circuitoBTLayerId": 25, "transformadorPotenciaAtLayerId": 126, "tramoBtLayerId": 33, "setLayerId": 127, "grupoGeneracionAtLayerId": 118, "seccionadorMtLayerId": 108, "puestaTierraAtLayerId": 120, "casaMaquinaAtLayerId": 117, "bocatomaAtLayerId": 116, "equipoProteccionAtLayerId": 124, "pararrayoAtLayerId": 121, "seccionalizadorMtLayerId": 106, "interruptorAtLayerId": 115, "retenidaAtLayerId": 119, "alimentadorMtLayerId": 94, "transformadorMtLayerId": 99, "retenidaBtLayerId": 28, "tunelesAtLayerId": 112, "transformadorMixtoMtLayerId": 100}}