{
  "id-tabla-consumo": 55,
  "url-servicio": "https://arcgis.electropuno.com.pe/sigelpu_ws/api/historico",
  "tematicos": [
    {
      "id": "lectura-menor",
      "id-entidad": 5,
      "titulo": "Tipo de Lectura",
      "campo": "TIPOLECTURAMENOR",
      "valores": [
        {"valor": "AJUSTE DE CONSUMO", "color": "#44819B", "label": "Ajuste de consumo"},
        {"valor": "AJUSTE DE LECTURA", "color": "#D5FAEF", "label": "Ajuste de lectura"},
        {"valor": "CAMBIO MEDIDOR", "color": "#C33E69", "label": "Cambio medidor"},
        {"valor": "CODIGO ERRADO", "color": "#8E4661", "label": "Codigo errado"},
        {"valor": "CONEXION DIRECTA", "color": "#7C482C", "label": "Conexion directa"},
        {"valor": "CONSUMO CERO", "color": "#80E0AD", "label": "Consumo cero"},
        {"valor": "DIRECCION ERRADA", "color": "#B4D73A", "label": "Direccion errada"},
        {"valor": "DOMICILIO CERRADO", "color": "#D30F64", "label": "Domicilio cerrado"},
        {"valor": "FALTA APROBAR CM", "color": "#B54A92", "label": "Falta aprobar cm"},
        {"valor": "GENERADO POR EL SISTEMA", "color": "#5B15D7", "label": "Generado por el sistema"},
        {"valor": "GENERADO POR RECUPERO", "color": "#D72282", "label": "Generado por recupero"},
        {"valor": "ILEGIBLE", "color": "#97CAE6", "label": "Ilegible"},
        {"valor": "LECTURA CON VUELTA", "color": "#3F80D5", "label": "Lectura con vuelta"},
        {"valor": "LECTURA CORRECTA", "color": "#FF016D", "label": "Lectura correcta"},
        {"valor": "LECTURA DE CORTE", "color": "#9A4A50", "label": "Lectura de corte"},
        {"valor": "LECTURA ERRADA", "color": "#10DCCA", "label": "Lectura errada"},
        {"valor": "LECTURA USUARIO", "color": "#5FEEB6", "label": "Lectura usuario"},
        {"valor": "LIQUIDA CONSUMO", "color": "#066FFE", "label": "Liquida consumo"},
        {"valor": "MEDIDOR FRENADO", "color": "#FA4ECE", "label": "Medidor frenado"},
        {"valor": "MEDIDOR INTERIOR", "color": "#5A9C2F", "label": "Medidor interior"},
        {"valor": "NO  EXISTE EN PADRON", "color": "#281A28", "label": "No  existe en padron"},
        {"valor": "NO LECTURADO", "color": "#E76C16", "label": "No lecturado"},
        {"valor": "NO UBICADO", "color": "#DB4EAE", "label": "No ubicado"},
        {"valor": "ORDEN DE REVISION (REFACTURACION)", "color": "#592313", "label": "Orden de revision (refacturacion)"},
        {"valor": "PRIMERA LECTURA DE MEDIDOR (INSTALACION NUEVA)", "color": "#A71944", "label": "Primera lectura de medidor (instalacion nueva)"},
        {"valor": "REQUIERE INSPECCION", "color": "#669D3A", "label": "Requiere inspeccion"},
        {"valor": "SERIE ERRADA", "color": "#410EE8", "label": "Serie errada"},
        {"valor": "SERVICIO RETIRADO", "color": "#2229A9", "label": "Servicio retirado"},
        {"valor": "SIN CODIGO DE LECTURA", "color": "#0AE8C6", "label": "Sin codigo de lectura"},
        {"valor": "SIN MEDIDOR", "color": "#84F600", "label": "Sin medidor"},
        {"valor": "ULTIMA LECTURA POR CORTE DEFINITIVO", "color": "#B17F01", "label": "Ultima lectura por corte definitivo"},
        {"valor": "VERIFICADO CORRECTO", "color": "#AEC31F", "label": "Verificado correcto"},
        {"valor": "VERIFICADO SUPERVISOR", "color": "#A840F7", "label": "Verificado supervisor"}
      ]
    },
    {
      "id": "consumo-ea-menor",
      "id-entidad": 5,
      "titulo": "Consumo de Clientes",
      "campo": "CONSUMOEAMENOR",
      "rangos": [
        {"valor-max": 0, "color": "#C83300", "label": "0"},
        {"valor-max": 30, "color": "#976600", "label": "1 - 30"},
        {"valor-max": 100, "color": "#649900", "label": "31 - 100"},
        {"valor-max": 500000, "color": "#32CC00", "label": "> 100"}
      ]
    },
    {
      "id": "estado-suministro",
      "titulo": "Estado de Suministro",
      "id-entidad": 5,
      "campo": "CODIGOESTADOSUMINISTRO",
      "valores": [
        {"valor": "1", "color": "yellow", "label": "Normal"},
        {"valor": "0", "color": "red", "label": "Anulado"}
      ]
    },
    {
      "id": "meses-deuda",
      "titulo": "Meses Adeudados",
      "id-entidad": 9,
      "campo": "MESESDEUDA",
      "rangos": [
        {"valor-max": 1, "color": "#23DA00", "label": "1 mes"},
        {"valor-max": 3, "color": "#47B600", "label": "2 - 3 meses"},
        {"valor-max": 5, "color": "#8E6D00", "label": "4 - 5 meses"},
        {"valor-max": 7, "color": "#B24800", "label": "6 - 7 meses"},
        {"valor-max": 2000, "color": "#D62400", "label": "8 a más meses"}
      ]
    },
    {
      "id": "tipo-tarifa-menor",
      "id-entidad": 5,
      "titulo": "Tipo de Tarifa",
      "campo": "NOMBRETARIFA",
      "valores": [
        {"valor": "BT5B", "color": "#F7AD81"},
        {"valor": "BT6", "color": "#FA9DC7"},
        {"valor": "BT7", "color": "#A9A8F6"},
        {"valor": "BT5C", "color": "#A3EB89"},
        {"valor": "BT5C-AP", "color": "#2FB5A2"},
        {"valor": "BT5D", "color": "#591344"},
        {"valor": "BT5H", "color": "#06EA3A"},
        {"valor": "BT5E", "color": "#06EA3A"},
        {"valor": "BT8", "color": "red"}
      ]
    },
    {
      "id": "monto-deuda",
      "titulo": "Monto Adeudado",
      "id-entidad": 5,
      "campo": "MONTODEUDA",
      "rangos": [
        {"valor-max": 200, "color": "#ffffe0", "label": "0 - 200"},
        {"valor-max": 500, "color": "#ffd59b", "label": "201 - 500"},
        {"valor-max": 1000, "color": "#ffa474", "label": "501 - 1000"},
        {"valor-max": 1500, "color": "#f47461", "label": "1001 - 1500"},
        {"valor-max": 5000, "color": "#db4551", "label": "1501 - 5000"},
        {"valor-max": 150000, "color": "#8b0000", "label": "5001 a más"}
      ]
    },
    {
      "id": "reclamo",
      "titulo": "Tipo de Reclamos por Suministro",
      "id-entidad": 11,
      "campo": "NOMBRECLASERECLAMO",
      "valores": [
        {"valor": "POR ALUMBRADO PUBLICO", "color": "orange"},
        {"valor": "ALUMBRADO PUBLICO Proc. 078 - 2007", "color": "blue"}
      ]
    },
    {
      "id": "compensacionRural",
      "titulo": "Compensación Rural",
      "id-entidad": 73,
      "periodo": "semestral",
      "campo": "NOMBRETIPOCOMPENSACION",
      "valores": [
        {"valor": "Compensacion", "color": "green"},
        {"valor": "Recompensacion", "color": "blue"}
      ]
    },
    {
      "id": "compensacionUrbana",
      "titulo": "Compensación Urbana",
      "id-entidad": 3,
      "periodo": "semestral",
      "campo": "NOMBRETIPOCOMPENSACION",
      "valores": [
        {"valor": "Compensacion", "color": "green"},
        {"valor": "Recompensacion", "color": "blue"}
      ]
    },
    {
      "id": "tipoCorte",
      "titulo": "Suministros por Tipo de Corte",
      "id-entidad": 7,
      "periodo": "mensual",
      "campo": "CODIGOTIPOCORTE",
      "valores": [
        {"valor": "1", "color": "blue"},
        {"valor": "2", "color": "yellow"},
        {"valor": "3", "color": "red"}
      ]
    },
    {
      "id": "reconexion",
      "titulo": "Suministros Reconectados",
      "id-entidad": 13,
      "periodo": "mensual",
      "campo": "CODIGOSUMINISTRO",
      "validar-existencia": "true",
      "default-label": "Sin valor",
      "valores": [
        {"valor": "1", "color": "red", "label": "Reconectado"}
      ]
    },
    {
      "id": "consumo-cero",
      "id-entidad": 5,
      "titulo": "Suministros con Consumo Cero",
      "campo": "CONSUMOEAMENOR",
      "default-label": "Otros",
      "valores": [
        {"valor": 0, "color": "red", "label": "Consumo igual a 0"}
      ]
    },
    {
      "id": "suministros-nuevos",
      "id-entidad": 5,
      "titulo": "Suministros Nuevos",
      "campo": "TIPOLECTURAMENOR",
      "default-label": "Otros",
      "valores": [
        {"valor": "PRIMERA LECTURA DE MEDIDOR (INSTALACION NUEVA)", "color": "red", "size": 10, "label": "Suministro Nuevo"}
      ]
    },
    {
      "id": "perdidas",
      "id-entidad": 1,
      "titulo": "Pérdidas",
      "campo": "NOMBREOBSERVACIONINSPECCION",
      "default-label": "Sin Revisión",
      "valores": [
        {"valor": "Se realizó trabajo", "color": "#47d447", "label": "Sin Observaciones"},
        {"valor": "Consumo no registrado", "color": "yellow", "label": "Con CNR"},
        {"valor": "Reincidente", "color": "red", "label": "Reincidente"}
      ]
    },
    {
      "id": "lectura-mayor",
      "id-entidad": 4,
      "tipo-cliente": "mayor",
      "titulo": "Tipo de Lectura",
      "campo": "TIPOLECTURAMAYOR",
      "valores": [
        {"valor": "AJUSTE DE CONSUMO", "color": "#44819B", "label": "Ajuste de consumo"},
        {"valor": "AJUSTE DE LECTURA", "color": "#D5FAEF", "label": "Ajuste de lectura"},
        {"valor": "CAMBIO MEDIDOR", "color": "#C33E69", "label": "Cambio medidor"},
        {"valor": "CODIGO ERRADO", "color": "#8E4661", "label": "Codigo errado"},
        {"valor": "CONEXION DIRECTA", "color": "#7C482C", "label": "Conexion directa"},
        {"valor": "CONSUMO CERO", "color": "#80E0AD", "label": "Consumo cero"},
        {"valor": "DIRECCION ERRADA", "color": "#B4D73A", "label": "Direccion errada"},
        {"valor": "DOMICILIO CERRADO", "color": "#D30F64", "label": "Domicilio cerrado"},
        {"valor": "FALTA APROBAR CM", "color": "#B54A92", "label": "Falta aprobar cm"},
        {"valor": "GENERADO POR EL SISTEMA", "color": "#5B15D7", "label": "Generado por el sistema"},
        {"valor": "GENERADO POR RECUPERO", "color": "#D72282", "label": "Generado por recupero"},
        {"valor": "ILEGIBLE", "color": "#97CAE6", "label": "Ilegible"},
        {"valor": "LECTURA CON VUELTA", "color": "#3F80D5", "label": "Lectura con vuelta"},
        {"valor": "LECTURA CORRECTA", "color": "#FF016D", "label": "Lectura correcta"},
        {"valor": "LECTURA DE CORTE", "color": "#9A4A50", "label": "Lectura de corte"},
        {"valor": "LECTURA ERRADA", "color": "#10DCCA", "label": "Lectura errada"},
        {"valor": "LECTURA USUARIO", "color": "#5FEEB6", "label": "Lectura usuario"},
        {"valor": "LIQUIDA CONSUMO", "color": "#066FFE", "label": "Liquida consumo"},
        {"valor": "MEDIDOR FRENADO", "color": "#FA4ECE", "label": "Medidor frenado"},
        {"valor": "MEDIDOR INTERIOR", "color": "#5A9C2F", "label": "Medidor interior"},
        {"valor": "NO  EXISTE EN PADRON", "color": "#281A28", "label": "No  existe en padron"},
        {"valor": "NO LECTURADO", "color": "#E76C16", "label": "No lecturado"},
        {"valor": "NO UBICADO", "color": "#DB4EAE", "label": "No ubicado"},
        {"valor": "ORDEN DE REVISION (REFACTURACION)", "color": "#592313", "label": "Orden de revision (refacturacion)"},
        {"valor": "PRIMERA LECTURA DE MEDIDOR (INSTALACION NUEVA)", "color": "#A71944", "label": "Primera lectura de medidor (instalacion nueva)"},
        {"valor": "REQUIERE INSPECCION", "color": "#669D3A", "label": "Requiere inspeccion"},
        {"valor": "SERIE ERRADA", "color": "#410EE8", "label": "Serie errada"},
        {"valor": "SERVICIO RETIRADO", "color": "#2229A9", "label": "Servicio retirado"},
        {"valor": "SIN CODIGO DE LECTURA", "color": "#0AE8C6", "label": "Sin codigo de lectura"},
        {"valor": "SIN MEDIDOR", "color": "#84F600", "label": "Sin medidor"},
        {"valor": "ULTIMA LECTURA POR CORTE DEFINITIVO", "color": "#B17F01", "label": "Ultima lectura por corte definitivo"},
        {"valor": "VERIFICADO CORRECTO", "color": "#AEC31F", "label": "Verificado correcto"},
        {"valor": "VERIFICADO SUPERVISOR", "color": "#A840F7", "label": "Verificado supervisor"}
      ]
    },{
      "id": "tipo-tarifa-mayor",
      "tipo-cliente": "mayor",
      "id-entidad": 4,
      "titulo": "Tipo de Tarifa",
      "campo": "NOMBRETARIFA",
      "valores": [
        {"valor": "BT2", "color": "#8b7d7b"},
        {"valor": "BT3", "color": "#e5e5e5"},
        {"valor": "BT4", "color": "#ee0000"},
        {"valor": "BT5A", "color": "#8deeee"},
        {"valor": "MT2", "color": "#ffec8b"},
        {"valor": "MT3", "color": "#cdc673"},
        {"valor": "MT4", "color": "#242424"},
        {"valor": "L1_", "color": "#ebebeb"},
        {"valor": "L2_", "color": "#4eee94"},
        {"valor": "L3_", "color": "#eed8ae"},
        {"valor": "AT1", "color":"#e9967a"}
      ]
    },
    {
      "id": "consumo-ea-mayor",
      "id-entidad": 4,
      "entidad": 4,
      "tipo-cliente": "mayor",
      "titulo": "Consumo de Clientes",
      "campo": "CONSUMOEAMAYOR",
      "rangos": [
        {"valor-max": 0, "color": "#C83300", "label": "0"},
        {"valor-max": 30, "color": "#976600", "label": "1 - 30"},
        {"valor-max": 100, "color": "#649900", "label": "31 - 100"},
        {"valor-max": 500000, "color": "#32CC00", "label": "> 100"}
      ]
    },
    {
      "id": "estado-suministro-mayor",
      "tipo-cliente": "mayor",
      "titulo": "Estado de Suministro",
      "id-entidad": 4,
      "campo": "CODIGOESTADOSUMINISTRO",
      "valores": [
        {"valor": "1", "color": "yellow", "label": "Normal"},
        {"valor": "0", "color": "red", "label": "Anulado"}
      ]
    },
    {
      "id": "meses-deuda-mayor",
      "tipo-cliente": "mayor",
      "titulo": "Meses Adeudados",
      "id-entidad": 8,
      "campo": "MESESDEUDA",
      "rangos": [
        {"valor-max": 1, "color": "#23DA00", "label": "1 mes"},
        {"valor-max": 3, "color": "#47B600", "label": "2 - 3 meses"},
        {"valor-max": 5, "color": "#8E6D00", "label": "4 - 5 meses"},
        {"valor-max": 7, "color": "#B24800", "label": "6 - 7 meses"},
        {"valor-max": 2000, "color": "#D62400", "label": "8 a más meses"}
      ]
    },
    {
      "id": "monto-deuda-mayor",
      "tipo-cliente": "mayor",
      "titulo": "Monto Adeudado",
      "id-entidad": 4,
      "campo": "MONTODEUDA",
      "rangos": [
        {"valor-max": 1000, "color": "#ffffe0", "label": "0 - 1000"},
        {"valor-max": 5000, "color": "#ffd59b", "label": "1001 - 5000"},
        {"valor-max": 10000, "color": "#ffa474", "label": "5001 - 10000"},
        {"valor-max": 20000, "color": "#f47461", "label": "10001 - 20000"},
        {"valor-max": 1000000, "color": "#8b0000", "label": "20001 a más"}
      ]
    },
    {
      "id": "reclamo-mayor",
      "tipo-cliente": "mayor",
      "titulo": "Tipo de Reclamos por Suministro",
      "id-entidad": 10,
      "campo": "NOMBRECLASERECLAMO",
      "valores": [
        {"valor": "POR ALUMBRADO PUBLICO", "color": "orange"},
        {"valor": "ALUMBRADO PUBLICO Proc. 078 - 2007", "color": "blue"}
      ]
    },
    {
      "id": "compensacionUrbana-mayor",
      "tipo-cliente": "mayor",
      "titulo": "Compensación Urbana",
      "id-entidad": 2,
      "periodo": "semestral",
      "campo": "NOMBRETIPOCOMPENSACION",
      "valores": [
        {"valor": "Compensacion", "color": "green"},
        {"valor": "Recompensacion", "color": "blue"}
      ]
    },
    {
      "id": "tipoCorte-mayor",
      "tipo-cliente": "mayor",
      "titulo": "Suministros por Tipo de Corte",
      "id-entidad": 6,
      "periodo": "mensual",
      "campo": "CODIGOTIPOCORTE",
      "valores": [
        {"valor": "1", "color": "blue"},
        {"valor": "2", "color": "yellow"},
        {"valor": "3", "color": "red"}
      ]
    },
    {
      "id": "reconexion-mayor",
      "tipo-cliente": "mayor",
      "titulo": "Suministros Reconectados",
      "id-entidad": 12,
      "periodo": "mensual",
      "campo": "CODIGOSUMINISTRO",
      "validar-existencia": "true",
      "default-label": "Sin valor",
      "valores": [
        {"valor": "1", "color": "red", "label": "Reconectado"}
      ]
    },
    {
      "id": "consumo-cero-mayor",
      "id-entidad": 4,
      "tipo-cliente": "mayor",
      "titulo": "Suministros con Consumo Cero",
      "campo": "CONSUMOEAMAYOR",
      "default-label": "Otros",
      "valores": [
        {"valor": 0, "color": "red", "label": "Consumo igual a 0"}
      ]
    },
    {
      "id": "suministros-nuevos-mayor",
      "id-entidad": 4,
      "tipo-cliente": "mayor",
      "titulo": "Suministros Nuevos",
      "campo": "TIPOLECTURAMAYOR",
      "default-label": "Otros",
      "valores": [
        {"valor": "PRIMERA LECTURA DE MEDIDOR (INSTALACION NUEVA)", "color": "red", "size": 10, "label": "Suministro Nuevo"}
      ]
    }
  ]
}